premiere_gravure,Classes
101-nas-mont-royal-08.tif.jpg,"P, S"
101-nas-mont-royal-08.tif.jpg,"P, S"
101-nas-mont-royal-08.tif.jpg,"P, S"
1015-nas-mont-royal-28.tif.jpg,"chinois, S, P"
1015-nas-mont-royal-28.tif.jpg,"chinois, S, P"
1015-nas-mont-royal-28.tif.jpg,"chinois, S, P"
1039-nas-novacel-64.tif.jpg,"deux, tortue"
1039-nas-novacel-64.tif.jpg,"deux, tortue"
1039-nas-novacel-64.tif.jpg,"deux, tortue"
104-nas-mont-royal-11.tif.jpg,"P, S, X, T"
104-nas-mont-royal-11.tif.jpg,"P, S, X, T"
104-nas-mont-royal-11.tif.jpg,"P, S, X, T"
1040-nas-novacel-65.tif.jpg,"P, tortue"
1040-nas-novacel-65.tif.jpg,"P, tortue"
1040-nas-novacel-65.tif.jpg,"P, tortue"
1041-nas-novacel-66.tif.jpg,"T, tortue"
1041-nas-novacel-66.tif.jpg,"T, tortue"
1041-nas-novacel-66.tif.jpg,"T, tortue"
105-nas-mont-royal-12.tif.jpg,"P, S, X"
105-nas-mont-royal-12.tif.jpg,"P, S, X"
105-nas-mont-royal-12.tif.jpg,"P, S, X"
106-nas-mont-royal-13.tif.jpg,"V, D, G"
106-nas-mont-royal-13.tif.jpg,"V, D, G"
106-nas-mont-royal-13.tif.jpg,"V, D, G"
1061-nas-novacel-83.tif.jpg,"manette, -, barre_horizontale, cercle"
1061-nas-novacel-83.tif.jpg,"manette, -, barre_horizontale, cercle"
1061-nas-novacel-83.tif.jpg,"manette, -, barre_horizontale, cercle"
1063-nas-novacel-85.tif.jpg,"T, coureur, cercle, barre_verticale, slash, antislash, barre_horizontale"
1063-nas-novacel-85.tif.jpg,"T, coureur, cercle, barre_verticale, slash, antislash, barre_horizontale"
1063-nas-novacel-85.tif.jpg,"T, coureur, cercle, barre_verticale, slash, antislash, barre_horizontale"
1064-nas-novacel-86.tif.jpg,"coureur, cercle, barre_verticale, slash, barre_horizontale, antislash, P"
1064-nas-novacel-86.tif.jpg,"coureur, cercle, barre_verticale, slash, barre_horizontale, antislash, P"
1064-nas-novacel-86.tif.jpg,"coureur, cercle, barre_verticale, slash, barre_horizontale, antislash, P"
1065-nas-novacel-87.tif.jpg,"coureur, cercle, barre_verticale, slash, quatre, antislash, barre_horizontale"
1065-nas-novacel-87.tif.jpg,"coureur, cercle, barre_verticale, slash, quatre, antislash, barre_horizontale"
1065-nas-novacel-87.tif.jpg,"coureur, cercle, barre_verticale, slash, quatre, antislash, barre_horizontale"
1066-nas-novacel-88.tif.jpg,"coureur, cercle, barre_verticale, trois, slash, antislash, barre_horizontale"
1066-nas-novacel-88.tif.jpg,"coureur, cercle, barre_verticale, trois, slash, antislash, barre_horizontale"
1066-nas-novacel-88.tif.jpg,"coureur, cercle, barre_verticale, trois, slash, antislash, barre_horizontale"
1073-nas-novacel-96.tif.jpg,"deux, courbe, cercle"
1073-nas-novacel-96.tif.jpg,"deux, courbe, cercle"
1073-nas-novacel-96.tif.jpg,"deux, courbe, cercle"
1074-nas-novacel-95.tif.jpg,"trois, courbe, cercle"
1074-nas-novacel-95.tif.jpg,"trois, courbe, cercle"
1074-nas-novacel-95.tif.jpg,"trois, courbe, cercle"
1075-nas-novacel-97.tif.jpg,"trois, courbe, cercle"
1075-nas-novacel-97.tif.jpg,"trois, courbe, cercle"
1075-nas-novacel-97.tif.jpg,"trois, courbe, cercle"
1077-nas-novacel-99.tif.jpg,"trois, courbe, cercle"
1077-nas-novacel-99.tif.jpg,"trois, courbe, cercle"
1077-nas-novacel-99.tif.jpg,"trois, courbe, cercle"
1082-nas-bbgr-161.tif.jpg,"B, t, oeil, -"
1082-nas-bbgr-161.tif.jpg,"B, t, oeil, -"
1082-nas-bbgr-161.tif.jpg,"B, t, oeil, -"
1098-nas-bbgr-166.tif.jpg,"-, sept, six, triangle_inverses"
1098-nas-bbgr-166.tif.jpg,"-, sept, six, triangle_inverses"
1098-nas-bbgr-166.tif.jpg,"-, sept, six, triangle_inverses"
1111-nas-bbgr-179.tif.jpg,"P, -, oeil"
1111-nas-bbgr-179.tif.jpg,"P, -, oeil"
1111-nas-bbgr-179.tif.jpg,"P, -, oeil"
1112-nas-bbgr-180.tif.jpg,"-, six, oeil"
1112-nas-bbgr-180.tif.jpg,"-, six, oeil"
1112-nas-bbgr-180.tif.jpg,"-, six, oeil"
1114-nas-bbgr-182.tif.jpg,"-, sept, six, oeil"
1114-nas-bbgr-182.tif.jpg,"-, sept, six, oeil"
1114-nas-bbgr-182.tif.jpg,"-, sept, six, oeil"
1115-nas-bbgr-183.tif.jpg,"sept, oeil, B, -, t, six"
1115-nas-bbgr-183.tif.jpg,"sept, oeil, B, -, t, six"
1115-nas-bbgr-183.tif.jpg,"sept, oeil, B, -, t, six"
1116-nas-bbgr-184.tif.jpg,"-, sept, oeil, quatre"
1116-nas-bbgr-184.tif.jpg,"-, sept, oeil, quatre"
1116-nas-bbgr-184.tif.jpg,"-, sept, oeil, quatre"
1117-nas-bbgr-185.tif.jpg,"M, oeil, -, B, t, six"
1117-nas-bbgr-185.tif.jpg,"M, oeil, -, B, t, six"
1117-nas-bbgr-185.tif.jpg,"M, oeil, -, B, t, six"
1120-nas-bbgr-188.tif.jpg,"-, oeil, etoile, M"
1120-nas-bbgr-188.tif.jpg,"-, oeil, etoile, M"
1120-nas-bbgr-188.tif.jpg,"-, oeil, etoile, M"
1122-nas-bbgr-190.tif.jpg,"M, oeil, B, -, t"
1122-nas-bbgr-190.tif.jpg,"M, oeil, B, -, t"
1122-nas-bbgr-190.tif.jpg,"M, oeil, B, -, t"
1123-nas-bbgr-191.tif.jpg,"M, sept, oeil, -, six"
1123-nas-bbgr-191.tif.jpg,"M, sept, oeil, -, six"
1123-nas-bbgr-191.tif.jpg,"M, sept, oeil, -, six"
1126-nas-bbgr-163.tif.jpg,"triangle_inverses, B, -, six, t"
1126-nas-bbgr-163.tif.jpg,"triangle_inverses, B, -, six, t"
1126-nas-bbgr-163.tif.jpg,"triangle_inverses, B, -, six, t"
1127-nas-bbgr-164.tif.jpg,"-, six, triangle_inverses"
1127-nas-bbgr-164.tif.jpg,"-, six, triangle_inverses"
1127-nas-bbgr-164.tif.jpg,"-, six, triangle_inverses"
1128-nas-bbgr-196.tif.jpg,"sept, triangle_inverses, B, -, six, t"
1128-nas-bbgr-196.tif.jpg,"sept, triangle_inverses, B, -, six, t"
1128-nas-bbgr-196.tif.jpg,"sept, triangle_inverses, B, -, six, t"
1131-nas-bbgr-197.tif.jpg,"S, M, cinq, -, B, t, i"
1131-nas-bbgr-197.tif.jpg,"S, M, cinq, -, B, t, i"
1131-nas-bbgr-197.tif.jpg,"S, M, cinq, -, B, t, i"
1132-nas-bbgr-198.tif.jpg,"S, M, cinq, -, i"
1132-nas-bbgr-198.tif.jpg,"S, M, cinq, -, i"
1132-nas-bbgr-198.tif.jpg,"S, M, cinq, -, i"
1136-nas-bbgr-202.tif.jpg,"S, M, -, B, t, six, i"
1136-nas-bbgr-202.tif.jpg,"S, M, -, B, t, six, i"
1136-nas-bbgr-202.tif.jpg,"S, M, -, B, t, six, i"
1139-nas-bbgr-205.tif.jpg,"S, M, sept, quatre, -, i"
1139-nas-bbgr-205.tif.jpg,"S, M, sept, quatre, -, i"
1139-nas-bbgr-205.tif.jpg,"S, M, sept, quatre, -, i"
1173-nas-essilor-5.tif.jpg,"e_oeil, huit, e"
1173-nas-essilor-5.tif.jpg,"e_oeil, huit, e"
1173-nas-essilor-5.tif.jpg,"e_oeil, huit, e"
1175-nas-essilor-7.tif.jpg,"barre_horizontale, pi, cercle, 3_courbes"
1175-nas-essilor-7.tif.jpg,"barre_horizontale, pi, cercle, 3_courbes"
1175-nas-essilor-7.tif.jpg,"barre_horizontale, pi, cercle, 3_courbes"
1176-nas-essilor-8.tif.jpg,"barre_horizontale, cercle, 3_courbes, six"
1176-nas-essilor-8.tif.jpg,"barre_horizontale, cercle, 3_courbes, six"
1176-nas-essilor-8.tif.jpg,"barre_horizontale, cercle, 3_courbes, six"
1177-nas-essilor-9.tif.jpg,"sept, cercle, quatre, 3_courbes, barre_horizontale"
1177-nas-essilor-9.tif.jpg,"sept, cercle, quatre, 3_courbes, barre_horizontale"
1177-nas-essilor-9.tif.jpg,"sept, cercle, quatre, 3_courbes, barre_horizontale"
1178-nas-essilor-10.tif.jpg,"barre_horizontale, cinq, cercle, 3_courbes"
1178-nas-essilor-10.tif.jpg,"barre_horizontale, cinq, cercle, 3_courbes"
1178-nas-essilor-10.tif.jpg,"barre_horizontale, cinq, cercle, 3_courbes"
1192-nas-essilor-19.tif.jpg,"barre_horizontale, fer, courbe, barre_verticale"
1192-nas-essilor-19.tif.jpg,"barre_horizontale, fer, courbe, barre_verticale"
1192-nas-essilor-19.tif.jpg,"barre_horizontale, fer, courbe, barre_verticale"
1197-Engraving-Classe-A-BBGR-PROGRESSIF-15-Nasal.tif.jpg,"B, b, A"
1197-Engraving-Classe-A-BBGR-PROGRESSIF-15-Nasal.tif.jpg,"B, b, A"
1197-Engraving-Classe-A-BBGR-PROGRESSIF-15-Nasal.tif.jpg,"B, b, A"
12-nas-bbgr-01.tif.jpg,"barre_horizontale, -, triangle_inverses"
12-nas-bbgr-01.tif.jpg,"barre_horizontale, -, triangle_inverses"
12-nas-bbgr-01.tif.jpg,"barre_horizontale, -, triangle_inverses"
1203-Engraving-Classe-A-BBGR-MIDISTANCE-15-Nasal.tif.jpg,"B, b, A, m"
1203-Engraving-Classe-A-BBGR-MIDISTANCE-15-Nasal.tif.jpg,"B, b, A, m"
1203-Engraving-Classe-A-BBGR-MIDISTANCE-15-Nasal.tif.jpg,"B, b, A, m"
1204-Engraving-Classe-A-BBGR-MIDISTANCE-16-Nasal.tif.jpg,"A, m, B, b, six"
1204-Engraving-Classe-A-BBGR-MIDISTANCE-16-Nasal.tif.jpg,"A, m, B, b, six"
1204-Engraving-Classe-A-BBGR-MIDISTANCE-16-Nasal.tif.jpg,"A, m, B, b, six"
1206-Engraving-Classe-A-BBGR-PROGRESSIF-167-Nasal.tif.jpg,"sept, A, B, b, six"
1206-Engraving-Classe-A-BBGR-PROGRESSIF-167-Nasal.tif.jpg,"sept, A, B, b, six"
1206-Engraving-Classe-A-BBGR-PROGRESSIF-167-Nasal.tif.jpg,"sept, A, B, b, six"
1208-Engraving-Classe-A-BBGR-PROGRESSIF-174-Nasal.tif.jpg,"sept, A, quatre, B, b"
1208-Engraving-Classe-A-BBGR-PROGRESSIF-174-Nasal.tif.jpg,"sept, A, quatre, B, b"
1208-Engraving-Classe-A-BBGR-PROGRESSIF-174-Nasal.tif.jpg,"sept, A, quatre, B, b"
1210-BBGR-PROGRESSIF-174-Forte-Puissance-Nasal.tif.jpg,"sept, A, quatre, B, b, omega"
1210-BBGR-PROGRESSIF-174-Forte-Puissance-Nasal.tif.jpg,"sept, A, quatre, B, b, omega"
1210-BBGR-PROGRESSIF-174-Forte-Puissance-Nasal.tif.jpg,"sept, A, quatre, B, b, omega"
1211-BBGR-PROGRESSIF-15-Forte-Puissance-Nasal.tif.jpg,"omega, B, b, A"
1211-BBGR-PROGRESSIF-15-Forte-Puissance-Nasal.tif.jpg,"omega, B, b, A"
1211-BBGR-PROGRESSIF-15-Forte-Puissance-Nasal.tif.jpg,"omega, B, b, A"
1212-Engraving-Classe-A-NK-MIDISTANCE-15-Nasal.tif.jpg,"k, A, N, m"
1212-Engraving-Classe-A-NK-MIDISTANCE-15-Nasal.tif.jpg,"k, A, N, m"
1212-Engraving-Classe-A-NK-MIDISTANCE-15-Nasal.tif.jpg,"k, A, N, m"
1213-Engraving-Classe-A-NK-MIDISTANCE-16-Nasal.tif.jpg,"A, m, six, k, N"
1213-Engraving-Classe-A-NK-MIDISTANCE-16-Nasal.tif.jpg,"A, m, six, k, N"
1213-Engraving-Classe-A-NK-MIDISTANCE-16-Nasal.tif.jpg,"A, m, six, k, N"
1216-Engraving-Classe-A-NK-PROGRESSIF-167-Nasal.tif.jpg,"sept, A, six, k, N"
1216-Engraving-Classe-A-NK-PROGRESSIF-167-Nasal.tif.jpg,"sept, A, six, k, N"
1216-Engraving-Classe-A-NK-PROGRESSIF-167-Nasal.tif.jpg,"sept, A, six, k, N"
1218-Engraving-Classe-A-NK-PROGRESSIF-174-Nasal.tif.jpg,"sept, A, quatre, k, N"
1218-Engraving-Classe-A-NK-PROGRESSIF-174-Nasal.tif.jpg,"sept, A, quatre, k, N"
1218-Engraving-Classe-A-NK-PROGRESSIF-174-Nasal.tif.jpg,"sept, A, quatre, k, N"
1219-SUPERSEE-NASAL_1-5.tif.jpg,"un, n"
1219-SUPERSEE-NASAL_1-5.tif.jpg,"un, n"
1219-SUPERSEE-NASAL_1-5.tif.jpg,"un, n"
1220-SUPERSEE-NASAL_1-6.tif.jpg,"trois, n"
1220-SUPERSEE-NASAL_1-6.tif.jpg,"trois, n"
1220-SUPERSEE-NASAL_1-6.tif.jpg,"trois, n"
1221-SUPERSEE-NASAL_1-67.tif.jpg,"n, quatre"
1221-SUPERSEE-NASAL_1-67.tif.jpg,"n, quatre"
1221-SUPERSEE-NASAL_1-67.tif.jpg,"n, quatre"
1222-SUPERSEE-NASAL_1-74.tif.jpg,"cinq, n"
1222-SUPERSEE-NASAL_1-74.tif.jpg,"cinq, n"
1222-SUPERSEE-NASAL_1-74.tif.jpg,"cinq, n"
1226-NK-PROGRESSIF-15-Forte-Puissance-Nasal.tif.jpg,"omega, k, A, N"
1226-NK-PROGRESSIF-15-Forte-Puissance-Nasal.tif.jpg,"omega, k, A, N"
1226-NK-PROGRESSIF-15-Forte-Puissance-Nasal.tif.jpg,"omega, k, A, N"
1227-NK-PROGRESSIF-174-Forte-Puissance-Nasal.tif.jpg,"sept, A, quatre, omega, k, N"
1227-NK-PROGRESSIF-174-Forte-Puissance-Nasal.tif.jpg,"sept, A, quatre, omega, k, N"
1227-NK-PROGRESSIF-174-Forte-Puissance-Nasal.tif.jpg,"sept, A, quatre, omega, k, N"
1238-gravure-nasale-EDEN-2.tif.jpg,"deux, oeil, a"
1238-gravure-nasale-EDEN-2.tif.jpg,"deux, oeil, a"
1238-gravure-nasale-EDEN-2.tif.jpg,"deux, oeil, a"
1239-gravure-nasale-EDEN-3.tif.jpg,"trois, oeil, a"
1239-gravure-nasale-EDEN-3.tif.jpg,"trois, oeil, a"
1239-gravure-nasale-EDEN-3.tif.jpg,"trois, oeil, a"
1242-gravure-nasale-EDEN-T.tif.jpg,"T, oeil, a"
1242-gravure-nasale-EDEN-T.tif.jpg,"T, oeil, a"
1242-gravure-nasale-EDEN-T.tif.jpg,"T, oeil, a"
127-nas-mont-royal-22.tif.jpg,barre_verticale
127-nas-mont-royal-22.tif.jpg,barre_verticale
127-nas-mont-royal-22.tif.jpg,barre_verticale
128-nas-mont-royal-23.tif.jpg,"F, cercle"
128-nas-mont-royal-23.tif.jpg,"F, cercle"
128-nas-mont-royal-23.tif.jpg,"F, cercle"
1286-nas-essilor-symphony-1.tif.jpg,"note, cinq, e"
1286-nas-essilor-symphony-1.tif.jpg,"note, cinq, e"
1286-nas-essilor-symphony-1.tif.jpg,"note, cinq, e"
1289-nas-essilor-symphony-4.tif.jpg,"P, note, e"
1289-nas-essilor-symphony-4.tif.jpg,"P, note, e"
1289-nas-essilor-symphony-4.tif.jpg,"P, note, e"
1290-nas-essilor-symphony-5.tif.jpg,"note, F, T, barre_verticale, e, P"
1290-nas-essilor-symphony-5.tif.jpg,"note, F, T, barre_verticale, e, P"
1290-nas-essilor-symphony-5.tif.jpg,"note, F, T, barre_verticale, e, P"
1291-nas-essilor-symphony-6.tif.jpg,"P, note, S, e"
1291-nas-essilor-symphony-6.tif.jpg,"P, note, S, e"
1291-nas-essilor-symphony-6.tif.jpg,"P, note, S, e"
1292-nas-essilor-symphony-7.tif.jpg,"note, six, e"
1292-nas-essilor-symphony-7.tif.jpg,"note, six, e"
1292-nas-essilor-symphony-7.tif.jpg,"note, six, e"
1293-nas-essilor-symphony-8.tif.jpg,"note, F, T, barre_verticale, e, six"
1293-nas-essilor-symphony-8.tif.jpg,"note, F, T, barre_verticale, e, six"
1293-nas-essilor-symphony-8.tif.jpg,"note, F, T, barre_verticale, e, six"
1294-nas-essilor-symphony-9.tif.jpg,"note, six, S, e"
1294-nas-essilor-symphony-9.tif.jpg,"note, six, S, e"
1294-nas-essilor-symphony-9.tif.jpg,"note, six, S, e"
1295-nas-essilor-symphony-10.tif.jpg,"barre_horizontale, note, pi, e"
1295-nas-essilor-symphony-10.tif.jpg,"barre_horizontale, note, pi, e"
1295-nas-essilor-symphony-10.tif.jpg,"barre_horizontale, note, pi, e"
1296-nas-essilor-symphony-11.tif.jpg,"note, F, T, barre_verticale, e, pi, barre_horizontale"
1296-nas-essilor-symphony-11.tif.jpg,"note, F, T, barre_verticale, e, pi, barre_horizontale"
1296-nas-essilor-symphony-11.tif.jpg,"note, F, T, barre_verticale, e, pi, barre_horizontale"
1297-nas-essilor-symphony-12.tif.jpg,"note, S, e, pi, barre_horizontale"
1297-nas-essilor-symphony-12.tif.jpg,"note, S, e, pi, barre_horizontale"
1297-nas-essilor-symphony-12.tif.jpg,"note, S, e, pi, barre_horizontale"
1298-nas-essilor-19-new.tif.jpg,"barre_horizontale, fer, courbe, barre_verticale"
1298-nas-essilor-19-new.tif.jpg,"barre_horizontale, fer, courbe, barre_verticale"
1298-nas-essilor-19-new.tif.jpg,"barre_horizontale, fer, courbe, barre_verticale"
1299-nas-essilor-PREMS1.tif.jpg,"cinq, a, e"
1299-nas-essilor-PREMS1.tif.jpg,"cinq, a, e"
1299-nas-essilor-PREMS1.tif.jpg,"cinq, a, e"
130-nas-mont-royal-25.tif.jpg,"F, six, cercle"
130-nas-mont-royal-25.tif.jpg,"F, six, cercle"
130-nas-mont-royal-25.tif.jpg,"F, six, cercle"
1300-nas-essilor-PREMS2.tif.jpg,"S, cinq, a, e"
1300-nas-essilor-PREMS2.tif.jpg,"S, cinq, a, e"
1300-nas-essilor-PREMS2.tif.jpg,"S, cinq, a, e"
1302-nas-essilor-PREMS4.tif.jpg,"P, S, a, e"
1302-nas-essilor-PREMS4.tif.jpg,"P, S, a, e"
1302-nas-essilor-PREMS4.tif.jpg,"P, S, a, e"
1303-nas-essilor-PREMS5.tif.jpg,"six, a, e"
1303-nas-essilor-PREMS5.tif.jpg,"six, a, e"
1303-nas-essilor-PREMS5.tif.jpg,"six, a, e"
1304-nas-essilor-PREMS6.tif.jpg,"S, six, a, e"
1304-nas-essilor-PREMS6.tif.jpg,"S, six, a, e"
1304-nas-essilor-PREMS6.tif.jpg,"S, six, a, e"
131-nas-mont-royal-26.tif.jpg,"F, sept, cercle"
131-nas-mont-royal-26.tif.jpg,"F, sept, cercle"
131-nas-mont-royal-26.tif.jpg,"F, sept, cercle"
1356-268-nas-seiko-02.tif.jpg,"slash, quatre, B, huit, C, rectangle_vertical, six"
1356-268-nas-seiko-02.tif.jpg,"slash, quatre, B, huit, C, rectangle_vertical, six"
1356-268-nas-seiko-02.tif.jpg,"slash, quatre, B, huit, C, rectangle_vertical, six"
1358-271-nas-seiko-05.tif.jpg,"triangle_envers, slash, quatre, B, huit, C, six"
1358-271-nas-seiko-05.tif.jpg,"triangle_envers, slash, quatre, B, huit, C, six"
1358-271-nas-seiko-05.tif.jpg,"triangle_envers, slash, quatre, B, huit, C, six"
1359-267-nas-seiko-01.tif.jpg,"rectangle_horizontal, slash, quatre, B, huit, C, six"
1359-267-nas-seiko-01.tif.jpg,"rectangle_horizontal, slash, quatre, B, huit, C, six"
1359-267-nas-seiko-01.tif.jpg,"rectangle_horizontal, slash, quatre, B, huit, C, six"
1369-478-nas-bbgr-New.tif.jpg,"S, cinq, B, -, t, barre_horizontale, i"
1369-478-nas-bbgr-New.tif.jpg,"S, cinq, B, -, t, barre_horizontale, i"
1369-478-nas-bbgr-New.tif.jpg,"S, cinq, B, -, t, barre_horizontale, i"
1370-498-nas-bbgr-New.tif.jpg,"M, sept, six, arc"
1370-498-nas-bbgr-New.tif.jpg,"M, sept, six, arc"
1370-498-nas-bbgr-New.tif.jpg,"M, sept, six, arc"
1398-nas-essilor-PREMSHD3.tif.jpg,"pi, S, a, e"
1398-nas-essilor-PREMSHD3.tif.jpg,"pi, S, a, e"
1398-nas-essilor-PREMSHD3.tif.jpg,"pi, S, a, e"
1399-nas-essilor-PREMSHD4.tif.jpg,"pi, a, e"
1399-nas-essilor-PREMSHD4.tif.jpg,"pi, a, e"
1399-nas-essilor-PREMSHD4.tif.jpg,"pi, a, e"
1426-nas-nikon-Balance3234.tif.jpg,"deux, pont, trois, slash, quatre"
1426-nas-nikon-Balance3234.tif.jpg,"deux, pont, trois, slash, quatre"
1426-nas-nikon-Balance3234.tif.jpg,"deux, pont, trois, slash, quatre"
1427-nas-nikon-Balance4244.tif.jpg,"deux, slash, pont, quatre"
1427-nas-nikon-Balance4244.tif.jpg,"deux, slash, pont, quatre"
1427-nas-nikon-Balance4244.tif.jpg,"deux, slash, pont, quatre"
1428-nas-nikon-Balance5254.tif.jpg,"deux, cinq, pont, slash, quatre"
1428-nas-nikon-Balance5254.tif.jpg,"deux, cinq, pont, slash, quatre"
1428-nas-nikon-Balance5254.tif.jpg,"deux, cinq, pont, slash, quatre"
1446-nas-nikon-InfinitePower-FP1214.tif.jpg,"F, deux, un, slash, quatre, P, N"
1446-nas-nikon-InfinitePower-FP1214.tif.jpg,"F, deux, un, slash, quatre, P, N"
1446-nas-nikon-InfinitePower-FP1214.tif.jpg,"F, deux, un, slash, quatre, P, N"
1447-nas-nikon-InfinitePower-FP3234.tif.jpg,"F, deux, trois, slash, quatre, P, N"
1447-nas-nikon-InfinitePower-FP3234.tif.jpg,"F, deux, trois, slash, quatre, P, N"
1447-nas-nikon-InfinitePower-FP3234.tif.jpg,"F, deux, trois, slash, quatre, P, N"
1459-Master2infinite-3432.tif.jpg,"deux, trois, slash, m, quatre, N"
1459-Master2infinite-3432.tif.jpg,"deux, trois, slash, m, quatre, N"
1459-Master2infinite-3432.tif.jpg,"deux, trois, slash, m, quatre, N"
1460-Master2infinite-4442.tif.jpg,"deux, slash, m, quatre, N"
1460-Master2infinite-4442.tif.jpg,"deux, slash, m, quatre, N"
1460-Master2infinite-4442.tif.jpg,"deux, slash, m, quatre, N"
1500-nas-nikon-MasterYourLife-3234.tif.jpg,"Y, F, deux, trois, slash, m, quatre, L, N"
1500-nas-nikon-MasterYourLife-3234.tif.jpg,"Y, F, deux, trois, slash, m, quatre, L, N"
1500-nas-nikon-MasterYourLife-3234.tif.jpg,"Y, F, deux, trois, slash, m, quatre, L, N"
1501-nas-nikon-MasterYourLife-4244.tif.jpg,"Y, F, deux, slash, m, quatre, L, N"
1501-nas-nikon-MasterYourLife-4244.tif.jpg,"Y, F, deux, slash, m, quatre, L, N"
1501-nas-nikon-MasterYourLife-4244.tif.jpg,"Y, F, deux, slash, m, quatre, L, N"
1502-nas-nikon-MasterYourLife-5254.tif.jpg,"Y, F, cinq, deux, slash, m, quatre, L, N"
1502-nas-nikon-MasterYourLife-5254.tif.jpg,"Y, F, cinq, deux, slash, m, quatre, L, N"
1502-nas-nikon-MasterYourLife-5254.tif.jpg,"Y, F, cinq, deux, slash, m, quatre, L, N"
1503-nas-nikon-MasterYourLifeMAX-1214.tif.jpg,"M, Y, deux, un, slash, m, quatre, L, N"
1503-nas-nikon-MasterYourLifeMAX-1214.tif.jpg,"M, Y, deux, un, slash, m, quatre, L, N"
1503-nas-nikon-MasterYourLifeMAX-1214.tif.jpg,"M, Y, deux, un, slash, m, quatre, L, N"
1504-nas-nikon-MasterYourLifeMAX-3234.tif.jpg,"M, Y, deux, trois, slash, m, quatre, L, N"
1504-nas-nikon-MasterYourLifeMAX-3234.tif.jpg,"M, Y, deux, trois, slash, m, quatre, L, N"
1504-nas-nikon-MasterYourLifeMAX-3234.tif.jpg,"M, Y, deux, trois, slash, m, quatre, L, N"
1507-nas-nikon-MasterYourLifePROX-1214.tif.jpg,"Y, deux, un, slash, m, quatre, P, L, N"
1507-nas-nikon-MasterYourLifePROX-1214.tif.jpg,"Y, deux, un, slash, m, quatre, P, L, N"
1507-nas-nikon-MasterYourLifePROX-1214.tif.jpg,"Y, deux, un, slash, m, quatre, P, L, N"
1508-nas-nikon-MasterYourLifePROX-3234.tif.jpg,"Y, deux, trois, slash, m, quatre, P, L, N"
1508-nas-nikon-MasterYourLifePROX-3234.tif.jpg,"Y, deux, trois, slash, m, quatre, P, L, N"
1508-nas-nikon-MasterYourLifePROX-3234.tif.jpg,"Y, deux, trois, slash, m, quatre, P, L, N"
1509-nas-nikon-MasterYourLifePROX-4244.tif.jpg,"Y, deux, slash, m, quatre, P, L, N"
1509-nas-nikon-MasterYourLifePROX-4244.tif.jpg,"Y, deux, slash, m, quatre, P, L, N"
1509-nas-nikon-MasterYourLifePROX-4244.tif.jpg,"Y, deux, slash, m, quatre, P, L, N"
1510-nas-nikon-MasterYourLifePROX-5254.tif.jpg,"Y, deux, cinq, slash, m, quatre, P, L, N"
1510-nas-nikon-MasterYourLifePROX-5254.tif.jpg,"Y, deux, cinq, slash, m, quatre, P, L, N"
1510-nas-nikon-MasterYourLifePROX-5254.tif.jpg,"Y, deux, cinq, slash, m, quatre, P, L, N"
1535-MyProg-3V-15.tif.jpg,"P, M, trois, oeil"
1535-MyProg-3V-15.tif.jpg,"P, M, trois, oeil"
1535-MyProg-3V-15.tif.jpg,"P, M, trois, oeil"
1537-MyProg-3V-159.tif.jpg,"P, M, trois, oeil"
1537-MyProg-3V-159.tif.jpg,"P, M, trois, oeil"
1537-MyProg-3V-159.tif.jpg,"P, M, trois, oeil"
1538-MyProg-3V-167.tif.jpg,"M, sept, trois, oeil, six, P"
1538-MyProg-3V-167.tif.jpg,"M, sept, trois, oeil, six, P"
1538-MyProg-3V-167.tif.jpg,"M, sept, trois, oeil, six, P"
1539-MyProg-3V-174.tif.jpg,"M, sept, trois, oeil, quatre, P"
1539-MyProg-3V-174.tif.jpg,"M, sept, trois, oeil, quatre, P"
1539-MyProg-3V-174.tif.jpg,"M, sept, trois, oeil, quatre, P"
1540-nas-essilor-Physio74.tif.jpg,"sept, e, slash, barre_horizontale, quatre, antislash, H"
1540-nas-essilor-Physio74.tif.jpg,"sept, e, slash, barre_horizontale, quatre, antislash, H"
1540-nas-essilor-Physio74.tif.jpg,"sept, e, slash, barre_horizontale, quatre, antislash, H"
1542-variluxcomfort6.tif.jpg,"E, courbe, six"
1542-variluxcomfort6.tif.jpg,"E, courbe, six"
1542-variluxcomfort6.tif.jpg,"E, courbe, six"
1543-variluxcomfort67.tif.jpg,"E, courbe, pi"
1543-variluxcomfort67.tif.jpg,"E, courbe, pi"
1543-variluxcomfort67.tif.jpg,"E, courbe, pi"
1544-variluxcomfortP.tif.jpg,"P, E, courbe"
1544-variluxcomfortP.tif.jpg,"P, E, courbe"
1544-variluxcomfortP.tif.jpg,"P, E, courbe"
1546-EK6.tif.jpg,"six, E, courbe, K"
1546-EK6.tif.jpg,"six, E, courbe, K"
1546-EK6.tif.jpg,"six, E, courbe, K"
1548-ESEssilor-Eyezen-Kids_gravure.tif.jpg,"E, courbe, K"
1548-ESEssilor-Eyezen-Kids_gravure.tif.jpg,"E, courbe, K"
1548-ESEssilor-Eyezen-Kids_gravure.tif.jpg,"E, courbe, K"
1556-PROGRESSIF167FortePuissanceNasal.tif.jpg,"sept, A, six, omega, k, N"
1556-PROGRESSIF167FortePuissanceNasal.tif.jpg,"sept, A, six, omega, k, N"
1556-PROGRESSIF167FortePuissanceNasal.tif.jpg,"sept, A, six, omega, k, N"
1557-BBGRPROGRESSIFfortepuissance167Nasal.tif.jpg,"sept, A, B, b, six, omega"
1557-BBGRPROGRESSIFfortepuissance167Nasal.tif.jpg,"sept, A, B, b, six, omega"
1557-BBGRPROGRESSIFfortepuissance167Nasal.tif.jpg,"sept, A, B, b, six, omega"
1559-nas-optovision-D1.tif.jpg,"V, D, un, V_cercle"
1559-nas-optovision-D1.tif.jpg,"V, D, un, V_cercle"
1559-nas-optovision-D1.tif.jpg,"V, D, un, V_cercle"
1562-nas-optovision-EF.tif.jpg,"V, F, V_cercle, barre_horizontale, E"
1562-nas-optovision-EF.tif.jpg,"V, F, V_cercle, barre_horizontale, E"
1562-nas-optovision-EF.tif.jpg,"V, F, V_cercle, barre_horizontale, E"
1564-nas-optovision-F.tif.jpg,"V, F, V_cercle"
1564-nas-optovision-F.tif.jpg,"V, F, V_cercle"
1564-nas-optovision-F.tif.jpg,"V, F, V_cercle"
1575-nas-optovision-IN.tif.jpg,"V, barre_verticale, V_cercle, barre_horizontale, N"
1575-nas-optovision-IN.tif.jpg,"V, barre_verticale, V_cercle, barre_horizontale, N"
1575-nas-optovision-IN.tif.jpg,"V, barre_verticale, V_cercle, barre_horizontale, N"
1576-nas-optovision-IN.tif.jpg,"V, N, barre_verticale, V_cercle"
1576-nas-optovision-IN.tif.jpg,"V, N, barre_verticale, V_cercle"
1576-nas-optovision-IN.tif.jpg,"V, N, barre_verticale, V_cercle"
1578-nas-optovision-O1.tif.jpg,"V, un, O, V_cercle"
1578-nas-optovision-O1.tif.jpg,"V, un, O, V_cercle"
1578-nas-optovision-O1.tif.jpg,"V, un, O, V_cercle"
158-nas-shamir-13.tif.jpg,"T, coupe, six"
158-nas-shamir-13.tif.jpg,"T, coupe, six"
158-nas-shamir-13.tif.jpg,"T, coupe, six"
1582-nas-optovision-S.tif.jpg,"V, S, V_cercle"
1582-nas-optovision-S.tif.jpg,"V, S, V_cercle"
1582-nas-optovision-S.tif.jpg,"V, S, V_cercle"
1583-nas-optovision-S6.tif.jpg,"V, six, S, V_cercle"
1583-nas-optovision-S6.tif.jpg,"V, six, S, V_cercle"
1583-nas-optovision-S6.tif.jpg,"V, six, S, V_cercle"
1586-nas-optovision.tif.jpg,"V, V_cercle"
1586-nas-optovision.tif.jpg,"V, V_cercle"
1586-nas-optovision.tif.jpg,"V, V_cercle"
159-nas-shamir-14.tif.jpg,"sept, coupe, six"
159-nas-shamir-14.tif.jpg,"sept, coupe, six"
159-nas-shamir-14.tif.jpg,"sept, coupe, six"
1598-nas-optovision-D1.tif.jpg,"V, D, un, V_cercle"
1598-nas-optovision-D1.tif.jpg,"V, D, un, V_cercle"
1598-nas-optovision-D1.tif.jpg,"V, D, un, V_cercle"
1601-nas-optovision-D1D2.tif.jpg,"V, D, deux, un, V_cercle"
1601-nas-optovision-D1D2.tif.jpg,"V, D, deux, un, V_cercle"
1601-nas-optovision-D1D2.tif.jpg,"V, D, deux, un, V_cercle"
1603-nas-optovision-FB.tif.jpg,"V, F, B, V_cercle"
1603-nas-optovision-FB.tif.jpg,"V, F, B, V_cercle"
1603-nas-optovision-FB.tif.jpg,"V, F, B, V_cercle"
1605-nas-optovision-FR.tif.jpg,"V, F, R, V_cercle"
1605-nas-optovision-FR.tif.jpg,"V, F, R, V_cercle"
1605-nas-optovision-FR.tif.jpg,"V, F, R, V_cercle"
1606-nas-optovision-I1B.tif.jpg,"V, barre_verticale, un, B, V_cercle"
1606-nas-optovision-I1B.tif.jpg,"V, barre_verticale, un, B, V_cercle"
1606-nas-optovision-I1B.tif.jpg,"V, barre_verticale, un, B, V_cercle"
1607-nas-optovision-I1P.tif.jpg,"V, barre_verticale, un, V_cercle, P"
1607-nas-optovision-I1P.tif.jpg,"V, barre_verticale, un, V_cercle, P"
1607-nas-optovision-I1P.tif.jpg,"V, barre_verticale, un, V_cercle, P"
1608-nas-optovision-I1R.tif.jpg,"V, barre_verticale, un, R, V_cercle"
1608-nas-optovision-I1R.tif.jpg,"V, barre_verticale, un, R, V_cercle"
1608-nas-optovision-I1R.tif.jpg,"V, barre_verticale, un, R, V_cercle"
1611-nas-optovision-O1D2.tif.jpg,"V, D, deux, O, un, V_cercle"
1611-nas-optovision-O1D2.tif.jpg,"V, D, deux, O, un, V_cercle"
1611-nas-optovision-O1D2.tif.jpg,"V, D, deux, O, un, V_cercle"
1622-Essidrive-fit.tif.jpg,"F, chemin"
1622-Essidrive-fit.tif.jpg,"F, chemin"
1622-Essidrive-fit.tif.jpg,"F, chemin"
1623-Essidrive-ormix-fit.tif.jpg,"F, chemin, six"
1623-Essidrive-ormix-fit.tif.jpg,"F, chemin, six"
1623-Essidrive-ormix-fit.tif.jpg,"F, chemin, six"
1624-Essidrive-Ormix.tif.jpg,"chemin, six"
1624-Essidrive-Ormix.tif.jpg,"chemin, six"
1624-Essidrive-Ormix.tif.jpg,"chemin, six"
1627-Essidrive.tif.jpg,chemin
1627-Essidrive.tif.jpg,chemin
1627-Essidrive.tif.jpg,chemin
1628-Inizio-airwear.tif.jpg,"barre_horizontale, X, P, e"
1628-Inizio-airwear.tif.jpg,"barre_horizontale, X, P, e"
1628-Inizio-airwear.tif.jpg,"barre_horizontale, X, P, e"
1629-Inizio-Orma.tif.jpg,"barre_horizontale, X, e"
1629-Inizio-Orma.tif.jpg,"barre_horizontale, X, e"
1629-Inizio-Orma.tif.jpg,"barre_horizontale, X, e"
1630-Inizio-Ormix.tif.jpg,"barre_horizontale, X, six, e"
1630-Inizio-Ormix.tif.jpg,"barre_horizontale, X, six, e"
1630-Inizio-Ormix.tif.jpg,"barre_horizontale, X, six, e"
1631-Inizio-Stylis.tif.jpg,"barre_horizontale, X, pi, e"
1631-Inizio-Stylis.tif.jpg,"barre_horizontale, X, pi, e"
1631-Inizio-Stylis.tif.jpg,"barre_horizontale, X, pi, e"
1632-Inizioshort-airwear.tif.jpg,"S, e, P, barre_horizontale, X"
1632-Inizioshort-airwear.tif.jpg,"S, e, P, barre_horizontale, X"
1632-Inizioshort-airwear.tif.jpg,"S, e, P, barre_horizontale, X"
1634-Inizioshort-stylis.tif.jpg,"S, e, pi, barre_horizontale, X"
1634-Inizioshort-stylis.tif.jpg,"S, e, pi, barre_horizontale, X"
1634-Inizioshort-stylis.tif.jpg,"S, e, pi, barre_horizontale, X"
1635-Inizioshort-Ormix.tif.jpg,"S, e, six, barre_horizontale, X"
1635-Inizioshort-Ormix.tif.jpg,"S, e, six, barre_horizontale, X"
1635-Inizioshort-Ormix.tif.jpg,"S, e, six, barre_horizontale, X"
1636-symphony74.tif.jpg,"note, sept, quatre, e"
1636-symphony74.tif.jpg,"note, sept, quatre, e"
1636-symphony74.tif.jpg,"note, sept, quatre, e"
1637-symphonyfit74.tif.jpg,"note, F, T, sept, barre_verticale, e, quatre"
1637-symphonyfit74.tif.jpg,"note, F, T, sept, barre_verticale, e, quatre"
1637-symphonyfit74.tif.jpg,"note, F, T, sept, barre_verticale, e, quatre"
1638-symphonyshort74.tif.jpg,"note, S, sept, e, quatre"
1638-symphonyshort74.tif.jpg,"note, S, sept, e, quatre"
1638-symphonyshort74.tif.jpg,"note, S, sept, e, quatre"
1639-eyezen74.tif.jpg,"sept, courbe, O, quatre"
1639-eyezen74.tif.jpg,"sept, courbe, O, quatre"
1639-eyezen74.tif.jpg,"sept, courbe, O, quatre"
1648-Liberty-5.tif.jpg,"barre_horizontale, cinq, courbe, e"
1648-Liberty-5.tif.jpg,"barre_horizontale, cinq, courbe, e"
1648-Liberty-5.tif.jpg,"barre_horizontale, cinq, courbe, e"
1649-Liberty-6.tif.jpg,"barre_horizontale, six, courbe, e"
1649-Liberty-6.tif.jpg,"barre_horizontale, six, courbe, e"
1649-Liberty-6.tif.jpg,"barre_horizontale, six, courbe, e"
1650-Liberty-P.tif.jpg,"barre_horizontale, P, courbe, e"
1650-Liberty-P.tif.jpg,"barre_horizontale, P, courbe, e"
1650-Liberty-P.tif.jpg,"barre_horizontale, P, courbe, e"
1651-Liberty-Pi.tif.jpg,"barre_horizontale, courbe, pont, e"
1651-Liberty-Pi.tif.jpg,"barre_horizontale, courbe, pont, e"
1651-Liberty-Pi.tif.jpg,"barre_horizontale, courbe, pont, e"
1661-variluxcomfort.tif.jpg,"cinq, E, courbe"
1661-variluxcomfort.tif.jpg,"cinq, E, courbe"
1661-variluxcomfort.tif.jpg,"cinq, E, courbe"
1669-ep.tif.jpg,"P, e_soleil"
1669-ep.tif.jpg,"P, e_soleil"
1669-ep.tif.jpg,"P, e_soleil"
1675-sdesign-74.tif.jpg,"sept, courbe, quatre, e"
1675-sdesign-74.tif.jpg,"sept, courbe, quatre, e"
1675-sdesign-74.tif.jpg,"sept, courbe, quatre, e"
1685-783-nas-optic2000-34.tif.jpg,"-, S, cinq, i"
1685-783-nas-optic2000-34.tif.jpg,"-, S, cinq, i"
1685-783-nas-optic2000-34.tif.jpg,"-, S, cinq, i"
1690-neosuper-150.tif.jpg,"S, e, un, n, N"
1690-neosuper-150.tif.jpg,"S, e, un, n, N"
1690-neosuper-150.tif.jpg,"S, e, un, n, N"
1691-neosuper-160.tif.jpg,"S, e, trois, n, N"
1691-neosuper-160.tif.jpg,"S, e, trois, n, N"
1691-neosuper-160.tif.jpg,"S, e, trois, n, N"
1693-neosuper-174.tif.jpg,"S, cinq, e, n, N"
1693-neosuper-174.tif.jpg,"S, cinq, e, n, N"
1693-neosuper-174.tif.jpg,"S, cinq, e, n, N"
1698-999-tem-nikon-01.tif.jpg,"O, e, un, n, N"
1698-999-tem-nikon-01.tif.jpg,"O, e, un, n, N"
1698-999-tem-nikon-01.tif.jpg,"O, e, un, n, N"
1699-1002-tem-nikon-04.tif.jpg,"O, e, trois, n, N"
1699-1002-tem-nikon-04.tif.jpg,"O, e, trois, n, N"
1699-1002-tem-nikon-04.tif.jpg,"O, e, trois, n, N"
1700-1005-tem-nikon-07.tif.jpg,"O, e, n, quatre, N"
1700-1005-tem-nikon-07.tif.jpg,"O, e, n, quatre, N"
1700-1005-tem-nikon-07.tif.jpg,"O, e, n, quatre, N"
1702-1001-tem-nikon-03.tif.jpg,"courbe, e, un, n, N"
1702-1001-tem-nikon-03.tif.jpg,"courbe, e, un, n, N"
1702-1001-tem-nikon-03.tif.jpg,"courbe, e, un, n, N"
1703-1004-tem-nikon-06.tif.jpg,"courbe, e, trois, n, N"
1703-1004-tem-nikon-06.tif.jpg,"courbe, e, trois, n, N"
1703-1004-tem-nikon-06.tif.jpg,"courbe, e, trois, n, N"
1704-1007-tem-nikon-09.tif.jpg,"courbe, e, n, quatre, N"
1704-1007-tem-nikon-09.tif.jpg,"courbe, e, n, quatre, N"
1704-1007-tem-nikon-09.tif.jpg,"courbe, e, n, quatre, N"
1706-1000-tem-nikon-02.tif.jpg,"e, un, A, n, N"
1706-1000-tem-nikon-02.tif.jpg,"e, un, A, n, N"
1706-1000-tem-nikon-02.tif.jpg,"e, un, A, n, N"
1707-1003-tem-nikon-05.tif.jpg,"e, trois, A, n, N"
1707-1003-tem-nikon-05.tif.jpg,"e, trois, A, n, N"
1707-1003-tem-nikon-05.tif.jpg,"e, trois, A, n, N"
1708-1006-tem-nikon-08.tif.jpg,"a, e, n, quatre, N"
1708-1006-tem-nikon-08.tif.jpg,"a, e, n, quatre, N"
1708-1006-tem-nikon-08.tif.jpg,"a, e, n, quatre, N"
1783-XRDesign5.tif.jpg,"double_-, cinq, e"
1783-XRDesign5.tif.jpg,"double_-, cinq, e"
1783-XRDesign5.tif.jpg,"double_-, cinq, e"
1784-XRDesign6.tif.jpg,"double_-, six, e"
1784-XRDesign6.tif.jpg,"double_-, six, e"
1784-XRDesign6.tif.jpg,"double_-, six, e"
1786-XRDesign74.tif.jpg,"double_-, sept, quatre, e"
1786-XRDesign74.tif.jpg,"double_-, sept, quatre, e"
1786-XRDesign74.tif.jpg,"double_-, sept, quatre, e"
1787-XRDesignP.tif.jpg,"double_-, P, e"
1787-XRDesignP.tif.jpg,"double_-, P, e"
1787-XRDesignP.tif.jpg,"double_-, P, e"
1789-XRPro6.tif.jpg,"courbe, e, slash, double_-, antislash, six"
1789-XRPro6.tif.jpg,"courbe, e, slash, double_-, antislash, six"
1789-XRPro6.tif.jpg,"courbe, e, slash, double_-, antislash, six"
1792-XRProP.tif.jpg,"courbe, e, slash, double_-, antislash, P"
1792-XRProP.tif.jpg,"courbe, e, slash, double_-, antislash, P"
1792-XRProP.tif.jpg,"courbe, e, slash, double_-, antislash, P"
1793-XRtrack5.tif.jpg,"cinq, e, slash, double_-, antislash"
1793-XRtrack5.tif.jpg,"cinq, e, slash, double_-, antislash"
1793-XRtrack5.tif.jpg,"cinq, e, slash, double_-, antislash"
1796-XRTrack74.tif.jpg,"sept, e, slash, quatre, double_-, antislash"
1796-XRTrack74.tif.jpg,"sept, e, slash, quatre, double_-, antislash"
1796-XRTrack74.tif.jpg,"sept, e, slash, quatre, double_-, antislash"
1800-Engraving-SeeMaxAP-1_74.tif.jpg,"agraphe, cinq"
1800-Engraving-SeeMaxAP-1_74.tif.jpg,"agraphe, cinq"
1800-Engraving-SeeMaxAP-1_74.tif.jpg,"agraphe, cinq"
1801-FP-N1.tif.jpg,"P, F, n, un"
1801-FP-N1.tif.jpg,"P, F, n, un"
1801-FP-N1.tif.jpg,"P, F, n, un"
1802-FP-N3.tif.jpg,"P, F, trois, n"
1802-FP-N3.tif.jpg,"P, F, trois, n"
1802-FP-N3.tif.jpg,"P, F, trois, n"
1809-nas-4symboles.tif.jpg,"triangle, cercle, losange, rectangle_vertical, barre_horizontale"
1809-nas-4symboles.tif.jpg,"triangle, cercle, losange, rectangle_vertical, barre_horizontale"
1809-nas-4symboles.tif.jpg,"triangle, cercle, losange, rectangle_vertical, barre_horizontale"
1815-nas-leica-D1L.tif.jpg,"D, un, l"
1815-nas-leica-D1L.tif.jpg,"D, un, l"
1815-nas-leica-D1L.tif.jpg,"D, un, l"
1816-nas-leica-D3L.tif.jpg,"D, trois, l"
1816-nas-leica-D3L.tif.jpg,"D, trois, l"
1816-nas-leica-D3L.tif.jpg,"D, trois, l"
1819-nas-leica-MD1L.tif.jpg,"M, D, un, l"
1819-nas-leica-MD1L.tif.jpg,"M, D, un, l"
1819-nas-leica-MD1L.tif.jpg,"M, D, un, l"
1820-nas-leica-MD4L.tif.jpg,"M, D, l, quatre"
1820-nas-leica-MD4L.tif.jpg,"M, D, l, quatre"
1820-nas-leica-MD4L.tif.jpg,"M, D, l, quatre"
1822-nas-leica-V2L.tif.jpg,"V, deux, l"
1822-nas-leica-V2L.tif.jpg,"V, deux, l"
1822-nas-leica-V2L.tif.jpg,"V, deux, l"
1823-nas-leica-V3L.tif.jpg,"V, trois, l"
1823-nas-leica-V3L.tif.jpg,"V, trois, l"
1823-nas-leica-V3L.tif.jpg,"V, trois, l"
1825-nas-optovision-DW.tif.jpg,"V, D, W, V_cercle"
1825-nas-optovision-DW.tif.jpg,"V, D, W, V_cercle"
1825-nas-optovision-DW.tif.jpg,"V, D, W, V_cercle"
1826-nas-optovision-DWD2.tif.jpg,"V, D, deux, V_cercle, W"
1826-nas-optovision-DWD2.tif.jpg,"V, D, deux, V_cercle, W"
1826-nas-optovision-DWD2.tif.jpg,"V, D, deux, V_cercle, W"
1827-nas-optovision-FW.tif.jpg,"V, F, W, V_cercle"
1827-nas-optovision-FW.tif.jpg,"V, F, W, V_cercle"
1827-nas-optovision-FW.tif.jpg,"V, F, W, V_cercle"
1828-nas-optovision-FWD2.tif.jpg,"V, F, D, deux, V_cercle, W"
1828-nas-optovision-FWD2.tif.jpg,"V, F, D, deux, V_cercle, W"
1828-nas-optovision-FWD2.tif.jpg,"V, F, D, deux, V_cercle, W"
1829-nas-optovision-IW.tif.jpg,"V, W, barre_verticale, V_cercle"
1829-nas-optovision-IW.tif.jpg,"V, W, barre_verticale, V_cercle"
1829-nas-optovision-IW.tif.jpg,"V, W, barre_verticale, V_cercle"
1832-nas-optovision-IWR.tif.jpg,"V, barre_verticale, R, V_cercle, W"
1832-nas-optovision-IWR.tif.jpg,"V, barre_verticale, R, V_cercle, W"
1832-nas-optovision-IWR.tif.jpg,"V, barre_verticale, R, V_cercle, W"
1833-nas-optovision-VW.tif.jpg,"V, W, V_cercle"
1833-nas-optovision-VW.tif.jpg,"V, W, V_cercle"
1833-nas-optovision-VW.tif.jpg,"V, W, V_cercle"
1835-DI16.tif.jpg,"D, barre_verticale, un, lune, six"
1835-DI16.tif.jpg,"D, barre_verticale, un, lune, six"
1835-DI16.tif.jpg,"D, barre_verticale, un, lune, six"
1838-DIsoleilPC.tif.jpg,"D, barre_verticale, C, P, soleil"
1838-DIsoleilPC.tif.jpg,"D, barre_verticale, C, P, soleil"
1838-DIsoleilPC.tif.jpg,"D, barre_verticale, C, P, soleil"
1839-DIsoleilPPZ.tif.jpg,"Z, D, barre_verticale, P, soleil"
1839-DIsoleilPPZ.tif.jpg,"Z, D, barre_verticale, P, soleil"
1839-DIsoleilPPZ.tif.jpg,"Z, D, barre_verticale, P, soleil"
185-nas-shamir-38.tif.jpg,"cinq, un, coupe"
185-nas-shamir-38.tif.jpg,"cinq, un, coupe"
185-nas-shamir-38.tif.jpg,"cinq, un, coupe"
186-nas-shamir-39.tif.jpg,"T, R, coupe"
186-nas-shamir-39.tif.jpg,"T, R, coupe"
186-nas-shamir-39.tif.jpg,"T, R, coupe"
194-nas-shamir-47.tif.jpg,"P, Z, coupe, six"
194-nas-shamir-47.tif.jpg,"P, Z, coupe, six"
194-nas-shamir-47.tif.jpg,"P, Z, coupe, six"
214-nas-shamir-67.tif.jpg,"T, sept, cinq, un, slash, huit, six, cintre"
214-nas-shamir-67.tif.jpg,"T, sept, cinq, un, slash, huit, six, cintre"
214-nas-shamir-67.tif.jpg,"T, sept, cinq, un, slash, huit, six, cintre"
217-nas-shamir-70.tif.jpg,"cinq, un, slash, huit, C, P, cintre"
217-nas-shamir-70.tif.jpg,"cinq, un, slash, huit, C, P, cintre"
217-nas-shamir-70.tif.jpg,"cinq, un, slash, huit, C, P, cintre"
218-nas-shamir-71.tif.jpg,"T, cinq, un, slash, huit, P, cintre"
218-nas-shamir-71.tif.jpg,"T, cinq, un, slash, huit, P, cintre"
218-nas-shamir-71.tif.jpg,"T, cinq, un, slash, huit, P, cintre"
221-nas-shamir-74.tif.jpg,"cinq, un, slash, huit, X, N, cintre"
221-nas-shamir-74.tif.jpg,"cinq, un, slash, huit, X, N, cintre"
221-nas-shamir-74.tif.jpg,"cinq, un, slash, huit, X, N, cintre"
222-nas-shamir-75.tif.jpg,"Z, cinq, un, slash, huit, P, cintre"
222-nas-shamir-75.tif.jpg,"Z, cinq, un, slash, huit, P, cintre"
222-nas-shamir-75.tif.jpg,"Z, cinq, un, slash, huit, P, cintre"
223-nas-shamir-76.tif.jpg,"cinq, un, slash, huit, C, P, cintre"
223-nas-shamir-76.tif.jpg,"cinq, un, slash, huit, C, P, cintre"
223-nas-shamir-76.tif.jpg,"cinq, un, slash, huit, C, P, cintre"
269-nas-seiko-03.tif.jpg,rectangle_horizontal
269-nas-seiko-03.tif.jpg,rectangle_horizontal
269-nas-seiko-03.tif.jpg,rectangle_horizontal
270-nas-seiko-04.tif.jpg,triangle
270-nas-seiko-04.tif.jpg,triangle
270-nas-seiko-04.tif.jpg,triangle
271-nas-seiko-05.tif.jpg,triangle_envers
271-nas-seiko-05.tif.jpg,triangle_envers
271-nas-seiko-05.tif.jpg,triangle_envers
273-nas-seiko-06.tif.jpg,"S, L, sept"
273-nas-seiko-06.tif.jpg,"S, L, sept"
273-nas-seiko-06.tif.jpg,"S, L, sept"
274-nas-seiko-07.tif.jpg,"S, slash"
274-nas-seiko-07.tif.jpg,"S, slash"
274-nas-seiko-07.tif.jpg,"S, slash"
277-nas-seiko-09.tif.jpg,"S, L, courbe"
277-nas-seiko-09.tif.jpg,"S, L, courbe"
277-nas-seiko-09.tif.jpg,"S, L, courbe"
278-nas-seiko-10.tif.jpg,"S, courbe"
278-nas-seiko-10.tif.jpg,"S, courbe"
278-nas-seiko-10.tif.jpg,"S, courbe"
280-nas-seiko-12.tif.jpg,S
280-nas-seiko-12.tif.jpg,S
280-nas-seiko-12.tif.jpg,S
281-nas-seiko-13.tif.jpg,"s_losange, S"
281-nas-seiko-13.tif.jpg,"s_losange, S"
281-nas-seiko-13.tif.jpg,"s_losange, S"
282-nas-seiko-14.tif.jpg,"L, S, antislash, slash"
282-nas-seiko-14.tif.jpg,"L, S, antislash, slash"
282-nas-seiko-14.tif.jpg,"L, S, antislash, slash"
283-nas-seiko-15.tif.jpg,"S, antislash, slash, courbe"
283-nas-seiko-15.tif.jpg,"S, antislash, slash, courbe"
283-nas-seiko-15.tif.jpg,"S, antislash, slash, courbe"
284-nas-seiko-16.tif.jpg,"S, slash, barre_verticale"
284-nas-seiko-16.tif.jpg,"S, slash, barre_verticale"
284-nas-seiko-16.tif.jpg,"S, slash, barre_verticale"
286-nas-seiko-18.tif.jpg,"s_losange, S"
286-nas-seiko-18.tif.jpg,"s_losange, S"
286-nas-seiko-18.tif.jpg,"s_losange, S"
356-nas-novacel-28.tif.jpg,"oeil, a"
356-nas-novacel-28.tif.jpg,"oeil, a"
356-nas-novacel-28.tif.jpg,"oeil, a"
369-nas-novacel-34.tif.jpg,"N, N_check_double"
369-nas-novacel-34.tif.jpg,"N, N_check_double"
369-nas-novacel-34.tif.jpg,"N, N_check_double"
419-nas-novacel-37.tif.jpg,"courbe, cercle"
419-nas-novacel-37.tif.jpg,"courbe, cercle"
419-nas-novacel-37.tif.jpg,"courbe, cercle"
420-nas-novacel-38.tif.jpg,"courbe, cercle"
420-nas-novacel-38.tif.jpg,"courbe, cercle"
420-nas-novacel-38.tif.jpg,"courbe, cercle"
421-nas-novacel-39.tif.jpg,"courbe, cercle"
421-nas-novacel-39.tif.jpg,"courbe, cercle"
421-nas-novacel-39.tif.jpg,"courbe, cercle"
423-nas-novacel-41.tif.jpg,tortue
423-nas-novacel-41.tif.jpg,tortue
423-nas-novacel-41.tif.jpg,tortue
424-nas-nikon-31.tif.jpg,"agraphe, slash"
424-nas-nikon-31.tif.jpg,"agraphe, slash"
424-nas-nikon-31.tif.jpg,"agraphe, slash"
425-nas-nikon-32.tif.jpg,"trois, agraphe"
425-nas-nikon-32.tif.jpg,"trois, agraphe"
425-nas-nikon-32.tif.jpg,"trois, agraphe"
426-nas-nikon-33.tif.jpg,"agraphe, quatre"
426-nas-nikon-33.tif.jpg,"agraphe, quatre"
426-nas-nikon-33.tif.jpg,"agraphe, quatre"
430-nas-nikon-36.tif.jpg,"trois, agraphe, courbe"
430-nas-nikon-36.tif.jpg,"trois, agraphe, courbe"
430-nas-nikon-36.tif.jpg,"trois, agraphe, courbe"
433-nas-nikon-35.tif.jpg,"cinq, agraphe, courbe"
433-nas-nikon-35.tif.jpg,"cinq, agraphe, courbe"
433-nas-nikon-35.tif.jpg,"cinq, agraphe, courbe"
439-nas-bbgr-02.tif.jpg,triangle_inverses
439-nas-bbgr-02.tif.jpg,triangle_inverses
439-nas-bbgr-02.tif.jpg,triangle_inverses
440-nas-bbgr-03.tif.jpg,"barre_horizontale, -, P, triangle_inverses"
440-nas-bbgr-03.tif.jpg,"barre_horizontale, -, P, triangle_inverses"
440-nas-bbgr-03.tif.jpg,"barre_horizontale, -, P, triangle_inverses"
441-nas-bbgr-04.tif.jpg,"barre_horizontale, -, six, triangle_inverses"
441-nas-bbgr-04.tif.jpg,"barre_horizontale, -, six, triangle_inverses"
441-nas-bbgr-04.tif.jpg,"barre_horizontale, -, six, triangle_inverses"
442-nas-bbgr-05.tif.jpg,"triangle_inverses, B, -, six, t, barre_horizontale"
442-nas-bbgr-05.tif.jpg,"triangle_inverses, B, -, six, t, barre_horizontale"
442-nas-bbgr-05.tif.jpg,"triangle_inverses, B, -, six, t, barre_horizontale"
443-nas-bbgr-06.tif.jpg,"sept, triangle_inverses, -, six, barre_horizontale"
443-nas-bbgr-06.tif.jpg,"sept, triangle_inverses, -, six, barre_horizontale"
443-nas-bbgr-06.tif.jpg,"sept, triangle_inverses, -, six, barre_horizontale"
444-nas-bbgr-07.tif.jpg,"sept, triangle_inverses, B, -, six, t, barre_horizontale"
444-nas-bbgr-07.tif.jpg,"sept, triangle_inverses, B, -, six, t, barre_horizontale"
444-nas-bbgr-07.tif.jpg,"sept, triangle_inverses, B, -, six, t, barre_horizontale"
445-nas-bbgr-08.tif.jpg,"sept, quatre, triangle_inverses, -, barre_horizontale"
445-nas-bbgr-08.tif.jpg,"sept, quatre, triangle_inverses, -, barre_horizontale"
445-nas-bbgr-08.tif.jpg,"sept, quatre, triangle_inverses, -, barre_horizontale"
455-nas-bbgr-18.tif.jpg,"barre_horizontale, -, oeil, etoile"
455-nas-bbgr-18.tif.jpg,"barre_horizontale, -, oeil, etoile"
455-nas-bbgr-18.tif.jpg,"barre_horizontale, -, oeil, etoile"
456-nas-bbgr-19.tif.jpg,"barre_horizontale, -, P, oeil"
456-nas-bbgr-19.tif.jpg,"barre_horizontale, -, P, oeil"
456-nas-bbgr-19.tif.jpg,"barre_horizontale, -, P, oeil"
459-nas-bbgr-22.tif.jpg,"sept, oeil, -, six, barre_horizontale"
459-nas-bbgr-22.tif.jpg,"sept, oeil, -, six, barre_horizontale"
459-nas-bbgr-22.tif.jpg,"sept, oeil, -, six, barre_horizontale"
461-nas-bbgr-24.tif.jpg,"sept, oeil, B, -, t, six, barre_horizontale"
461-nas-bbgr-24.tif.jpg,"sept, oeil, B, -, t, six, barre_horizontale"
461-nas-bbgr-24.tif.jpg,"sept, oeil, B, -, t, six, barre_horizontale"
479-nas-bbgr-42.tif.jpg,"S, -, etoile, barre_horizontale, i"
479-nas-bbgr-42.tif.jpg,"S, -, etoile, barre_horizontale, i"
479-nas-bbgr-42.tif.jpg,"S, -, etoile, barre_horizontale, i"
480-nas-bbgr-43.tif.jpg,"S, -, P, barre_horizontale, i"
480-nas-bbgr-43.tif.jpg,"S, -, P, barre_horizontale, i"
480-nas-bbgr-43.tif.jpg,"S, -, P, barre_horizontale, i"
481-nas-bbgr-44.tif.jpg,"S, un, B, -, t, six, barre_horizontale"
481-nas-bbgr-44.tif.jpg,"S, un, B, -, t, six, barre_horizontale"
481-nas-bbgr-44.tif.jpg,"S, un, B, -, t, six, barre_horizontale"
482-nas-bbgr-45.tif.jpg,"S, sept, un, -, six, barre_horizontale"
482-nas-bbgr-45.tif.jpg,"S, sept, un, -, six, barre_horizontale"
482-nas-bbgr-45.tif.jpg,"S, sept, un, -, six, barre_horizontale"
483-nas-bbgr-46.tif.jpg,"S, sept, un, B, -, t, six, barre_horizontale"
483-nas-bbgr-46.tif.jpg,"S, sept, un, B, -, t, six, barre_horizontale"
483-nas-bbgr-46.tif.jpg,"S, sept, un, B, -, t, six, barre_horizontale"
484-nas-bbgr-47.tif.jpg,"S, sept, un, quatre, -, barre_horizontale"
484-nas-bbgr-47.tif.jpg,"S, sept, un, quatre, -, barre_horizontale"
484-nas-bbgr-47.tif.jpg,"S, sept, un, quatre, -, barre_horizontale"
485-nas-bbgr-48.tif.jpg,"-, S, cinq, i"
485-nas-bbgr-48.tif.jpg,"-, S, cinq, i"
485-nas-bbgr-48.tif.jpg,"-, S, cinq, i"
486-nas-bbgr-49.tif.jpg,"-, S, etoile, i"
486-nas-bbgr-49.tif.jpg,"-, S, etoile, i"
486-nas-bbgr-49.tif.jpg,"-, S, etoile, i"
487-nas-bbgr-50.tif.jpg,"-, S, P, i"
487-nas-bbgr-50.tif.jpg,"-, S, P, i"
487-nas-bbgr-50.tif.jpg,"-, S, P, i"
488-nas-bbgr-51.tif.jpg,"S, un, B, -, t, six"
488-nas-bbgr-51.tif.jpg,"S, un, B, -, t, six"
488-nas-bbgr-51.tif.jpg,"S, un, B, -, t, six"
490-nas-bbgr-53.tif.jpg,"S, sept, un, B, -, t, six"
490-nas-bbgr-53.tif.jpg,"S, sept, un, B, -, t, six"
490-nas-bbgr-53.tif.jpg,"S, sept, un, B, -, t, six"
491-nas-bbgr-54.tif.jpg,"S, sept, un, quatre, -"
491-nas-bbgr-54.tif.jpg,"S, sept, un, quatre, -"
491-nas-bbgr-54.tif.jpg,"S, sept, un, quatre, -"
492-nas-bbgr-55.tif.jpg,"S, -, six, barre_horizontale, i"
492-nas-bbgr-55.tif.jpg,"S, -, six, barre_horizontale, i"
492-nas-bbgr-55.tif.jpg,"S, -, six, barre_horizontale, i"
495-nas-bbgr-66.tif.jpg,"etoile, arc"
495-nas-bbgr-66.tif.jpg,"etoile, arc"
495-nas-bbgr-66.tif.jpg,"etoile, arc"
497-nas-bbgr-68.tif.jpg,"six, arc"
497-nas-bbgr-68.tif.jpg,"six, arc"
497-nas-bbgr-68.tif.jpg,"six, arc"
498-nas-bbgr-69.tif.jpg,"sept, six, arc"
498-nas-bbgr-69.tif.jpg,"sept, six, arc"
498-nas-bbgr-69.tif.jpg,"sept, six, arc"
499-nas-bbgr-70.tif.jpg,"B, t, arc, six"
499-nas-bbgr-70.tif.jpg,"B, t, arc, six"
499-nas-bbgr-70.tif.jpg,"B, t, arc, six"
527-nas-bbgr-90.tif.jpg,"six, sigma"
527-nas-bbgr-90.tif.jpg,"six, sigma"
527-nas-bbgr-90.tif.jpg,"six, sigma"
528-nas-bbgr-91.tif.jpg,"sept, six, sigma"
528-nas-bbgr-91.tif.jpg,"sept, six, sigma"
528-nas-bbgr-91.tif.jpg,"sept, six, sigma"
529-nas-bbgr-92.tif.jpg,"B, t, sigma, six"
529-nas-bbgr-92.tif.jpg,"B, t, sigma, six"
529-nas-bbgr-92.tif.jpg,"B, t, sigma, six"
530-nas-bbgr-93.tif.jpg,"sept, sigma, B, t, six"
530-nas-bbgr-93.tif.jpg,"sept, sigma, B, t, six"
530-nas-bbgr-93.tif.jpg,"sept, sigma, B, t, six"
546-nas-bbgr-109.tif.jpg,"balance, etoile"
546-nas-bbgr-109.tif.jpg,"balance, etoile"
546-nas-bbgr-109.tif.jpg,"balance, etoile"
547-nas-bbgr-110.tif.jpg,"P, balance"
547-nas-bbgr-110.tif.jpg,"P, balance"
547-nas-bbgr-110.tif.jpg,"P, balance"
549-nas-bbgr-112.tif.jpg,"B, t, balance, six"
549-nas-bbgr-112.tif.jpg,"B, t, balance, six"
549-nas-bbgr-112.tif.jpg,"B, t, balance, six"
550-nas-bbgr-113.tif.jpg,"sept, balance, B, t, six"
550-nas-bbgr-113.tif.jpg,"sept, balance, B, t, six"
550-nas-bbgr-113.tif.jpg,"sept, balance, B, t, six"
553-nas-bbgr-116.tif.jpg,"chinois, P"
553-nas-bbgr-116.tif.jpg,"chinois, P"
553-nas-bbgr-116.tif.jpg,"chinois, P"
554-nas-bbgr-117.tif.jpg,"chinois, six"
554-nas-bbgr-117.tif.jpg,"chinois, six"
554-nas-bbgr-117.tif.jpg,"chinois, six"
557-nas-bbgr-120.tif.jpg,"chinois, sept, six"
557-nas-bbgr-120.tif.jpg,"chinois, sept, six"
557-nas-bbgr-120.tif.jpg,"chinois, sept, six"
558-nas-bbgr-121.tif.jpg,"six, filament"
558-nas-bbgr-121.tif.jpg,"six, filament"
558-nas-bbgr-121.tif.jpg,"six, filament"
564-nas-bbgr-127.tif.jpg,"barre_horizontale, ordi, cinq"
564-nas-bbgr-127.tif.jpg,"barre_horizontale, ordi, cinq"
564-nas-bbgr-127.tif.jpg,"barre_horizontale, ordi, cinq"
565-nas-bbgr-128.tif.jpg,"barre_horizontale, ordi, six"
565-nas-bbgr-128.tif.jpg,"barre_horizontale, ordi, six"
565-nas-bbgr-128.tif.jpg,"barre_horizontale, ordi, six"
566-nas-bbgr-129.tif.jpg,"B, t, six, barre_horizontale, ordi"
566-nas-bbgr-129.tif.jpg,"B, t, six, barre_horizontale, ordi"
566-nas-bbgr-129.tif.jpg,"B, t, six, barre_horizontale, ordi"
567-nas-nikon-38.tif.jpg,"neutron, cinq"
567-nas-nikon-38.tif.jpg,"neutron, cinq"
567-nas-nikon-38.tif.jpg,"neutron, cinq"
569-nas-nikon-40.tif.jpg,"neutron, six"
569-nas-nikon-40.tif.jpg,"neutron, six"
569-nas-nikon-40.tif.jpg,"neutron, six"
570-nas-nikon-41.tif.jpg,"neutron, sept, six"
570-nas-nikon-41.tif.jpg,"neutron, sept, six"
570-nas-nikon-41.tif.jpg,"neutron, sept, six"
571-nas-nikon-42.tif.jpg,"neutron, sept, quatre"
571-nas-nikon-42.tif.jpg,"neutron, sept, quatre"
571-nas-nikon-42.tif.jpg,"neutron, sept, quatre"
574-nas-nikon-45.tif.jpg,"M, d, neutron, six, P"
574-nas-nikon-45.tif.jpg,"M, d, neutron, six, P"
574-nas-nikon-45.tif.jpg,"M, d, neutron, six, P"
575-nas-nikon-46.tif.jpg,"M, sept, d, neutron, six, P"
575-nas-nikon-46.tif.jpg,"M, sept, d, neutron, six, P"
575-nas-nikon-46.tif.jpg,"M, sept, d, neutron, six, P"
576-nas-nikon-47.tif.jpg,"M, sept, d, quatre, neutron, P"
576-nas-nikon-47.tif.jpg,"M, sept, d, quatre, neutron, P"
576-nas-nikon-47.tif.jpg,"M, sept, d, quatre, neutron, P"
577-nas-bbgr-130.tif.jpg,"chinois, S, P, cinq"
577-nas-bbgr-130.tif.jpg,"chinois, S, P, cinq"
577-nas-bbgr-130.tif.jpg,"chinois, S, P, cinq"
578-nas-bbgr-131.tif.jpg,"chinois, S, P, six"
578-nas-bbgr-131.tif.jpg,"chinois, S, P, six"
578-nas-bbgr-131.tif.jpg,"chinois, S, P, six"
579-nas-bbgr-132.tif.jpg,"S, chinois, B, t, six, P"
579-nas-bbgr-132.tif.jpg,"S, chinois, B, t, six, P"
579-nas-bbgr-132.tif.jpg,"S, chinois, B, t, six, P"
616-nas-essilor-12.tif.jpg,"e_double_courbe, pi, e"
616-nas-essilor-12.tif.jpg,"e_double_courbe, pi, e"
616-nas-essilor-12.tif.jpg,"e_double_courbe, pi, e"
617-nas-essilor-13.tif.jpg,"six, e_double_courbe, e"
617-nas-essilor-13.tif.jpg,"six, e_double_courbe, e"
617-nas-essilor-13.tif.jpg,"six, e_double_courbe, e"
618-nas-essilor-14.tif.jpg,"P, e_double_courbe, e"
618-nas-essilor-14.tif.jpg,"P, e_double_courbe, e"
618-nas-essilor-14.tif.jpg,"P, e_double_courbe, e"
619-nas-essilor-15.tif.jpg,"e_double_courbe, e"
619-nas-essilor-15.tif.jpg,"e_double_courbe, e"
619-nas-essilor-15.tif.jpg,"e_double_courbe, e"
623-nas-essilor-16.tif.jpg,"sept, courbe, barre_verticale, e, quatre, barre_horizontale"
623-nas-essilor-16.tif.jpg,"sept, courbe, barre_verticale, e, quatre, barre_horizontale"
623-nas-essilor-16.tif.jpg,"sept, courbe, barre_verticale, e, quatre, barre_horizontale"
624-nas-essilor-17.tif.jpg,"courbe, barre_verticale, e, pi, barre_horizontale"
624-nas-essilor-17.tif.jpg,"courbe, barre_verticale, e, pi, barre_horizontale"
624-nas-essilor-17.tif.jpg,"courbe, barre_verticale, e, pi, barre_horizontale"
625-nas-essilor-18.tif.jpg,"courbe, barre_verticale, e, six, barre_horizontale"
625-nas-essilor-18.tif.jpg,"courbe, barre_verticale, e, six, barre_horizontale"
625-nas-essilor-18.tif.jpg,"courbe, barre_verticale, e, six, barre_horizontale"
634-nas-essilor-27.tif.jpg,"H, e_soleil, barre_horizontale, six"
634-nas-essilor-27.tif.jpg,"H, e_soleil, barre_horizontale, six"
634-nas-essilor-27.tif.jpg,"H, e_soleil, barre_horizontale, six"
635-nas-essilor-28.tif.jpg,"H, P, e_soleil, barre_horizontale"
635-nas-essilor-28.tif.jpg,"H, P, e_soleil, barre_horizontale"
635-nas-essilor-28.tif.jpg,"H, P, e_soleil, barre_horizontale"
636-nas-essilor-29.tif.jpg,"H, e_soleil, barre_horizontale"
636-nas-essilor-29.tif.jpg,"H, e_soleil, barre_horizontale"
636-nas-essilor-29.tif.jpg,"H, e_soleil, barre_horizontale"
640-nas-essilor-33.tif.jpg,"H, e_soleil"
640-nas-essilor-33.tif.jpg,"H, e_soleil"
640-nas-essilor-33.tif.jpg,"H, e_soleil"
659-nas-essilor-47.tif.jpg,"e_coeur, six"
659-nas-essilor-47.tif.jpg,"e_coeur, six"
659-nas-essilor-47.tif.jpg,"e_coeur, six"
660-nas-essilor-48.tif.jpg,"P, e_coeur"
660-nas-essilor-48.tif.jpg,"P, e_coeur"
660-nas-essilor-48.tif.jpg,"P, e_coeur"
667-nas-essilor-55.tif.jpg,"pi, courbe, rectangle_vertical, cercle"
667-nas-essilor-55.tif.jpg,"pi, courbe, rectangle_vertical, cercle"
667-nas-essilor-55.tif.jpg,"pi, courbe, rectangle_vertical, cercle"
668-nas-essilor-56.tif.jpg,"courbe, rectangle_vertical, cercle, six"
668-nas-essilor-56.tif.jpg,"courbe, rectangle_vertical, cercle, six"
668-nas-essilor-56.tif.jpg,"courbe, rectangle_vertical, cercle, six"
669-nas-essilor-57.tif.jpg,"P, courbe, rectangle_vertical, cercle"
669-nas-essilor-57.tif.jpg,"P, courbe, rectangle_vertical, cercle"
669-nas-essilor-57.tif.jpg,"P, courbe, rectangle_vertical, cercle"
670-nas-essilor-58.tif.jpg,"courbe, rectangle_vertical, cercle"
670-nas-essilor-58.tif.jpg,"courbe, rectangle_vertical, cercle"
670-nas-essilor-58.tif.jpg,"courbe, rectangle_vertical, cercle"
674-nas-essilor-59.tif.jpg,"pi, courbe, rectangle_vertical, cercle"
674-nas-essilor-59.tif.jpg,"pi, courbe, rectangle_vertical, cercle"
674-nas-essilor-59.tif.jpg,"pi, courbe, rectangle_vertical, cercle"
675-nas-essilor-60.tif.jpg,"courbe, rectangle_vertical, cercle, six"
675-nas-essilor-60.tif.jpg,"courbe, rectangle_vertical, cercle, six"
675-nas-essilor-60.tif.jpg,"courbe, rectangle_vertical, cercle, six"
677-nas-essilor-62.tif.jpg,"courbe, rectangle_vertical, cercle"
677-nas-essilor-62.tif.jpg,"courbe, rectangle_vertical, cercle"
677-nas-essilor-62.tif.jpg,"courbe, rectangle_vertical, cercle"
678-nas-essilor-63.tif.jpg,"pi, courbe, rectangle_vertical, cercle"
678-nas-essilor-63.tif.jpg,"pi, courbe, rectangle_vertical, cercle"
678-nas-essilor-63.tif.jpg,"pi, courbe, rectangle_vertical, cercle"
679-nas-essilor-64.tif.jpg,"courbe, rectangle_vertical, cercle, six"
679-nas-essilor-64.tif.jpg,"courbe, rectangle_vertical, cercle, six"
679-nas-essilor-64.tif.jpg,"courbe, rectangle_vertical, cercle, six"
681-nas-essilor-66.tif.jpg,"courbe, rectangle_vertical, cercle"
681-nas-essilor-66.tif.jpg,"courbe, rectangle_vertical, cercle"
681-nas-essilor-66.tif.jpg,"courbe, rectangle_vertical, cercle"
683-nas-essilor-68.tif.jpg,"P, courbe, e"
683-nas-essilor-68.tif.jpg,"P, courbe, e"
683-nas-essilor-68.tif.jpg,"P, courbe, e"
688-nas-essilor-71.tif.jpg,"T, F, barre_verticale, e, A, pi, barre_horizontale"
688-nas-essilor-71.tif.jpg,"T, F, barre_verticale, e, A, pi, barre_horizontale"
688-nas-essilor-71.tif.jpg,"T, F, barre_verticale, e, A, pi, barre_horizontale"
689-nas-essilor-72.tif.jpg,"T, F, barre_verticale, e, A, six, barre_horizontale"
689-nas-essilor-72.tif.jpg,"T, F, barre_verticale, e, A, six, barre_horizontale"
689-nas-essilor-72.tif.jpg,"T, F, barre_verticale, e, A, six, barre_horizontale"
690-nas-essilor-73.tif.jpg,"T, F, barre_verticale, e, A, P, barre_horizontale"
690-nas-essilor-73.tif.jpg,"T, F, barre_verticale, e, A, P, barre_horizontale"
690-nas-essilor-73.tif.jpg,"T, F, barre_verticale, e, A, P, barre_horizontale"
692-nas-essilor-75.tif.jpg,"barre_horizontale, e"
692-nas-essilor-75.tif.jpg,"barre_horizontale, e"
692-nas-essilor-75.tif.jpg,"barre_horizontale, e"
693-nas-essilor-76.tif.jpg,"barre_horizontale, A, pi, e"
693-nas-essilor-76.tif.jpg,"barre_horizontale, A, pi, e"
693-nas-essilor-76.tif.jpg,"barre_horizontale, A, pi, e"
694-nas-essilor-77.tif.jpg,"barre_horizontale, A, six, e"
694-nas-essilor-77.tif.jpg,"barre_horizontale, A, six, e"
694-nas-essilor-77.tif.jpg,"barre_horizontale, A, six, e"
696-nas-essilor-79.tif.jpg,"barre_horizontale, S, A, e"
696-nas-essilor-79.tif.jpg,"barre_horizontale, S, A, e"
696-nas-essilor-79.tif.jpg,"barre_horizontale, S, A, e"
697-nas-essilor-80.tif.jpg,"S, e, A, pi, barre_horizontale"
697-nas-essilor-80.tif.jpg,"S, e, A, pi, barre_horizontale"
697-nas-essilor-80.tif.jpg,"S, e, A, pi, barre_horizontale"
698-nas-essilor-81.tif.jpg,"S, e, A, six, barre_horizontale"
698-nas-essilor-81.tif.jpg,"S, e, A, six, barre_horizontale"
698-nas-essilor-81.tif.jpg,"S, e, A, six, barre_horizontale"
700-nas-essilor-83.tif.jpg,"A, pi, e"
700-nas-essilor-83.tif.jpg,"A, pi, e"
700-nas-essilor-83.tif.jpg,"A, pi, e"
701-nas-essilor-84.tif.jpg,"A, six, e"
701-nas-essilor-84.tif.jpg,"A, six, e"
701-nas-essilor-84.tif.jpg,"A, six, e"
702-nas-essilor-85.tif.jpg,"P, A, e"
702-nas-essilor-85.tif.jpg,"P, A, e"
702-nas-essilor-85.tif.jpg,"P, A, e"
703-nas-essilor-86.tif.jpg,"A, e"
703-nas-essilor-86.tif.jpg,"A, e"
703-nas-essilor-86.tif.jpg,"A, e"
704-nas-essilor-87.tif.jpg,"S, A, pi, e"
704-nas-essilor-87.tif.jpg,"S, A, pi, e"
704-nas-essilor-87.tif.jpg,"S, A, pi, e"
705-nas-essilor-88.tif.jpg,"S, A, six, e"
705-nas-essilor-88.tif.jpg,"S, A, six, e"
705-nas-essilor-88.tif.jpg,"S, A, six, e"
706-nas-essilor-89.tif.jpg,"P, S, A, e"
706-nas-essilor-89.tif.jpg,"P, S, A, e"
706-nas-essilor-89.tif.jpg,"P, S, A, e"
709-nas-essilor-92.tif.jpg,"P, courbe, e"
709-nas-essilor-92.tif.jpg,"P, courbe, e"
709-nas-essilor-92.tif.jpg,"P, courbe, e"
711-nas-essilor-94.tif.jpg,"-, six, S"
711-nas-essilor-94.tif.jpg,"-, six, S"
711-nas-essilor-94.tif.jpg,"-, six, S"
712-nas-essilor-95.tif.jpg,"S, -"
712-nas-essilor-95.tif.jpg,"S, -"
712-nas-essilor-95.tif.jpg,"S, -"
726-nas-essilor-106.tif.jpg,"e_soleil, six"
726-nas-essilor-106.tif.jpg,"e_soleil, six"
726-nas-essilor-106.tif.jpg,"e_soleil, six"
732-nas-essilor-111.tif.jpg,"sept, courbe, cercle, quatre"
732-nas-essilor-111.tif.jpg,"sept, courbe, cercle, quatre"
732-nas-essilor-111.tif.jpg,"sept, courbe, cercle, quatre"
733-nas-essilor-112.tif.jpg,"courbe, cercle, six"
733-nas-essilor-112.tif.jpg,"courbe, cercle, six"
733-nas-essilor-112.tif.jpg,"courbe, cercle, six"
740-nas-essilor-116.tif.jpg,"sept, courbe, cercle, quatre, barre_horizontale"
740-nas-essilor-116.tif.jpg,"sept, courbe, cercle, quatre, barre_horizontale"
740-nas-essilor-116.tif.jpg,"sept, courbe, cercle, quatre, barre_horizontale"
741-nas-essilor-117.tif.jpg,"barre_horizontale, pi, courbe, cercle"
741-nas-essilor-117.tif.jpg,"barre_horizontale, pi, courbe, cercle"
741-nas-essilor-117.tif.jpg,"barre_horizontale, pi, courbe, cercle"
744-nas-essilor-120.tif.jpg,"barre_horizontale, courbe, cercle, six"
744-nas-essilor-120.tif.jpg,"barre_horizontale, courbe, cercle, six"
744-nas-essilor-120.tif.jpg,"barre_horizontale, courbe, cercle, six"
745-nas-essilor-121.tif.jpg,"sept, courbe, cercle, quatre, barre_horizontale"
745-nas-essilor-121.tif.jpg,"sept, courbe, cercle, quatre, barre_horizontale"
745-nas-essilor-121.tif.jpg,"sept, courbe, cercle, quatre, barre_horizontale"
746-nas-essilor-122.tif.jpg,"barre_horizontale, courbe, cercle, six"
746-nas-essilor-122.tif.jpg,"barre_horizontale, courbe, cercle, six"
746-nas-essilor-122.tif.jpg,"barre_horizontale, courbe, cercle, six"
747-nas-essilor-123.tif.jpg,"barre_horizontale, P, courbe, cercle"
747-nas-essilor-123.tif.jpg,"barre_horizontale, P, courbe, cercle"
747-nas-essilor-123.tif.jpg,"barre_horizontale, P, courbe, cercle"
748-nas-essilor-124.tif.jpg,"barre_horizontale, courbe, cercle"
748-nas-essilor-124.tif.jpg,"barre_horizontale, courbe, cercle"
748-nas-essilor-124.tif.jpg,"barre_horizontale, courbe, cercle"
750-nas-optic2000-01.tif.jpg,crochet
750-nas-optic2000-01.tif.jpg,crochet
750-nas-optic2000-01.tif.jpg,crochet
751-nas-optic2000-02.tif.jpg,"crochet, six"
751-nas-optic2000-02.tif.jpg,"crochet, six"
751-nas-optic2000-02.tif.jpg,"crochet, six"
752-nas-optic2000-03.tif.jpg,"M, six, barre_verticale"
752-nas-optic2000-03.tif.jpg,"M, six, barre_verticale"
752-nas-optic2000-03.tif.jpg,"M, six, barre_verticale"
753-nas-optic2000-04.tif.jpg,"M, barre_verticale"
753-nas-optic2000-04.tif.jpg,"M, barre_verticale"
753-nas-optic2000-04.tif.jpg,"M, barre_verticale"
767-nas-optic2000-18.tif.jpg,"barre_horizontale, ordi, courbe"
767-nas-optic2000-18.tif.jpg,"barre_horizontale, ordi, courbe"
767-nas-optic2000-18.tif.jpg,"barre_horizontale, ordi, courbe"
768-nas-optic2000-19.tif.jpg,"-, oeil"
768-nas-optic2000-19.tif.jpg,"-, oeil"
768-nas-optic2000-19.tif.jpg,"-, oeil"
769-nas-optic2000-20.tif.jpg,"P, -, oeil"
769-nas-optic2000-20.tif.jpg,"P, -, oeil"
769-nas-optic2000-20.tif.jpg,"P, -, oeil"
770-nas-optic2000-21.tif.jpg,"-, six, oeil"
770-nas-optic2000-21.tif.jpg,"-, six, oeil"
770-nas-optic2000-21.tif.jpg,"-, six, oeil"
771-nas-optic2000-22.tif.jpg,"-, sept, six, oeil"
771-nas-optic2000-22.tif.jpg,"-, sept, six, oeil"
771-nas-optic2000-22.tif.jpg,"-, sept, six, oeil"
772-nas-optic2000-23.tif.jpg,"-, sept, oeil, quatre"
772-nas-optic2000-23.tif.jpg,"-, sept, oeil, quatre"
772-nas-optic2000-23.tif.jpg,"-, sept, oeil, quatre"
773-nas-optic2000-24.tif.jpg,"-, oeil, M"
773-nas-optic2000-24.tif.jpg,"-, oeil, M"
773-nas-optic2000-24.tif.jpg,"-, oeil, M"
774-nas-optic2000-25.tif.jpg,"P, -, oeil, M"
774-nas-optic2000-25.tif.jpg,"P, -, oeil, M"
774-nas-optic2000-25.tif.jpg,"P, -, oeil, M"
775-nas-optic2000-26.tif.jpg,"-, six, oeil, M"
775-nas-optic2000-26.tif.jpg,"-, six, oeil, M"
775-nas-optic2000-26.tif.jpg,"-, six, oeil, M"
777-nas-optic2000-28.tif.jpg,"M, sept, oeil, quatre, -"
777-nas-optic2000-28.tif.jpg,"M, sept, oeil, quatre, -"
777-nas-optic2000-28.tif.jpg,"M, sept, oeil, quatre, -"
779-nas-optic2000-30.tif.jpg,"sept, oeil, quatre, -, barre_horizontale"
779-nas-optic2000-30.tif.jpg,"sept, oeil, quatre, -, barre_horizontale"
779-nas-optic2000-30.tif.jpg,"sept, oeil, quatre, -, barre_horizontale"
780-nas-optic2000-31.tif.jpg,"sept, oeil, -, six, barre_horizontale"
780-nas-optic2000-31.tif.jpg,"sept, oeil, -, six, barre_horizontale"
780-nas-optic2000-31.tif.jpg,"sept, oeil, -, six, barre_horizontale"
781-nas-optic2000-32.tif.jpg,"barre_horizontale, -, six, oeil"
781-nas-optic2000-32.tif.jpg,"barre_horizontale, -, six, oeil"
781-nas-optic2000-32.tif.jpg,"barre_horizontale, -, six, oeil"
782-nas-optic2000-33.tif.jpg,"P, -, oeil"
782-nas-optic2000-33.tif.jpg,"P, -, oeil"
782-nas-optic2000-33.tif.jpg,"P, -, oeil"
784-nas-optic2000-35.tif.jpg,"barre_horizontale, S, -, i"
784-nas-optic2000-35.tif.jpg,"barre_horizontale, S, -, i"
784-nas-optic2000-35.tif.jpg,"barre_horizontale, S, -, i"
785-nas-optic2000-36.tif.jpg,"S, sept, -, six, i"
785-nas-optic2000-36.tif.jpg,"S, sept, -, six, i"
785-nas-optic2000-36.tif.jpg,"S, sept, -, six, i"
786-nas-optic2000-37.tif.jpg,"-, S, M, i"
786-nas-optic2000-37.tif.jpg,"-, S, M, i"
786-nas-optic2000-37.tif.jpg,"-, S, M, i"
787-nas-optic2000-38.tif.jpg,"S, M, -, P, i"
787-nas-optic2000-38.tif.jpg,"S, M, -, P, i"
787-nas-optic2000-38.tif.jpg,"S, M, -, P, i"
788-nas-optic2000-39.tif.jpg,"S, M, -, six, i"
788-nas-optic2000-39.tif.jpg,"S, M, -, six, i"
788-nas-optic2000-39.tif.jpg,"S, M, -, six, i"
789-nas-optic2000-40.tif.jpg,"S, M, sept, -, six, i"
789-nas-optic2000-40.tif.jpg,"S, M, sept, -, six, i"
789-nas-optic2000-40.tif.jpg,"S, M, sept, -, six, i"
832-nas-mont-royal-27.tif.jpg,"M, triangle"
832-nas-mont-royal-27.tif.jpg,"M, triangle"
832-nas-mont-royal-27.tif.jpg,"M, triangle"
833-grav-essilor-19-01.tif.jpg,"pi, courbe, cercle"
833-grav-essilor-19-01.tif.jpg,"pi, courbe, cercle"
833-grav-essilor-19-01.tif.jpg,"pi, courbe, cercle"
834-grav-essilor-19-02.tif.jpg,"courbe, cercle, six"
834-grav-essilor-19-02.tif.jpg,"courbe, cercle, six"
834-grav-essilor-19-02.tif.jpg,"courbe, cercle, six"
835-grav-essilor-19-03.tif.jpg,"P, courbe, cercle"
835-grav-essilor-19-03.tif.jpg,"P, courbe, cercle"
835-grav-essilor-19-03.tif.jpg,"P, courbe, cercle"
852-oph-com_2019.tif.jpg,"S, cercle, trois_inverse, u, trident"
852-oph-com_2019.tif.jpg,"S, cercle, trois_inverse, u, trident"
852-oph-com_2019.tif.jpg,"S, cercle, trois_inverse, u, trident"
917-nas-bbgr-136.tif.jpg,"triangle_inverses, B, -, t, barre_horizontale"
917-nas-bbgr-136.tif.jpg,"triangle_inverses, B, -, t, barre_horizontale"
917-nas-bbgr-136.tif.jpg,"triangle_inverses, B, -, t, barre_horizontale"
918-nas-bbgr-137.tif.jpg,"B, cinq, t, balance"
918-nas-bbgr-137.tif.jpg,"B, cinq, t, balance"
918-nas-bbgr-137.tif.jpg,"B, cinq, t, balance"
928-nas-bbgr-147.tif.jpg,"cinq, B, t, barre_horizontale, ordi"
928-nas-bbgr-147.tif.jpg,"cinq, B, t, barre_horizontale, ordi"
928-nas-bbgr-147.tif.jpg,"cinq, B, t, barre_horizontale, ordi"
929-nas-bbgr-148.tif.jpg,"courbe, barre_verticale, B, t, six, barre_horizontale, ordi"
929-nas-bbgr-148.tif.jpg,"courbe, barre_verticale, B, t, six, barre_horizontale, ordi"
929-nas-bbgr-148.tif.jpg,"courbe, barre_verticale, B, t, six, barre_horizontale, ordi"
930-nas-bbgr-149.tif.jpg,"courbe, barre_verticale, B, t, barre_horizontale, ordi"
930-nas-bbgr-149.tif.jpg,"courbe, barre_verticale, B, t, barre_horizontale, ordi"
930-nas-bbgr-149.tif.jpg,"courbe, barre_verticale, B, t, barre_horizontale, ordi"
931-nas-bbgr-150.tif.jpg,"sept, courbe, barre_verticale, B, t, six, barre_horizontale, ordi"
931-nas-bbgr-150.tif.jpg,"sept, courbe, barre_verticale, B, t, six, barre_horizontale, ordi"
931-nas-bbgr-150.tif.jpg,"sept, courbe, barre_verticale, B, t, six, barre_horizontale, ordi"
935-nas-bbgr-154.tif.jpg,"S, cinq, -, B, t, i"
935-nas-bbgr-154.tif.jpg,"S, cinq, -, B, t, i"
935-nas-bbgr-154.tif.jpg,"S, cinq, -, B, t, i"
938-nas-bbgr-157.tif.jpg,"courbe, barre_verticale, six, barre_horizontale, ordi"
938-nas-bbgr-157.tif.jpg,"courbe, barre_verticale, six, barre_horizontale, ordi"
938-nas-bbgr-157.tif.jpg,"courbe, barre_verticale, six, barre_horizontale, ordi"
94-nas-mont-royal-01.tif.jpg,"triangle, barre_verticale"
94-nas-mont-royal-01.tif.jpg,"triangle, barre_verticale"
94-nas-mont-royal-01.tif.jpg,"triangle, barre_verticale"
940-nas-bbgr-159.tif.jpg,"M, huit"
940-nas-bbgr-159.tif.jpg,"M, huit"
940-nas-bbgr-159.tif.jpg,"M, huit"
942-nas-bbgr-160.tif.jpg,"B, t, sigma"
942-nas-bbgr-160.tif.jpg,"B, t, sigma"
942-nas-bbgr-160.tif.jpg,"B, t, sigma"
95-nas-mont-royal-02.tif.jpg,"triangle, T"
95-nas-mont-royal-02.tif.jpg,"triangle, T"
95-nas-mont-royal-02.tif.jpg,"triangle, T"
98-nas-mont-royal-05.tif.jpg,"D, C"
98-nas-mont-royal-05.tif.jpg,"D, C"
98-nas-mont-royal-05.tif.jpg,"D, C"
